Empresa,Ticker,Cotação,EV/EBIT,Margem EBIT,Volume Diário,Situação
ALLIAR MEDICINA DIAGNÓSTICA,AALR3,9.98,-191.31,-0.98,5977959.1,[]
AMBEV,ABEV3,17.18,15.17,27.05,335133291.4,[]
AERIS IND. E COM. DE EQUIP. GERACAO DE ENERGIA S.A,AERI3,8.52,34.01,9.30,36746307.6,[]
AES BRASIL ENERGIA S.A.,AESB3,14.3,-,-,19123868.73,[]
AFLUENTE,AFLT3,9.3,28.13,54.72,27571.62,[]
BRASILAGRO,AGRO3,32.51,8.23,34.26,43159218.1,[]
SÃO PAULO TURISMO,AHEB3,21.5,-10.96,-5.66,28532.8,[]
SÃO PAULO TURISMO,AHEB5,19.0,-10.96,-5.66,8922.5,[]
SÃO PAULO TURISMO,AHEB6,30.0,-10.96,-5.66,7733.33,[]
ALLIED TECNOLOGIA S.A.,ALLD3,18.42,19.44,4.78,1883482.04,[]
ALPARGATAS,ALPA3,39.92,52.98,13.11,197050.43,[]
ALPARGATAS,ALPA4,45.7,52.98,13.11,73182056.8,[]
ALLPARK EMPREENDIMENTOS PARTICIPACOES SERVICOS S.A,ALPK3,8.06,366.24,1.26,450772.3,[]
ALIANSCSONAE,ALSO3,27.45,18.46,40.15,41312337.43,[]
ALUPAR,ALUP11,27.35,4.00,58.47,0.0,[]
ALUPAR,ALUP3,9.06,4.00,58.47,223640.23,[]
ALUPAR,ALUP4,9.21,4.00,58.47,273061.53,[]
LOJAS MARISA,AMAR3,6.23,-11.77,-12.13,44703787.2,[]
AMBIPAR PARTICIPACOES E EMPREENDIMENTOS S/A,AMBP3,28.12,21.62,18.40,11578209.53,[]
ANIMA,ANIM3,11.85,40.83,8.31,25921633.8,[]
ALPER,APER3,56.2,-206.46,-2.85,5749383.63,[]
AREZZO&CO,ARZZ3,83.84,91.48,5.79,60330220.13,[]
SENDAS DISTRIBUIDORA S.A.,ASAI3,86.68,34.70,4.68,129082541.93,[]
ATMA SA,ATMP3,9.7,-3.39,-15.64,2035650.33,[]
ATOM EMPREENDIMENTOS,ATOM3,8.6,16.72,32.02,6183016.6,[]
ALPHAVILLE S.A.,AVLL3,25.95,-4.03,-167.68,248328.62,[]
AZEVEDO E TRAVASSOS,AZEV3,6.73,-1.48,3.562.68,1273053.4,[]
AZEVEDO E TRAVASSOS,AZEV4,4.87,-1.48,3.562.68,1932890.03,[]
AZUL,AZUL4,39.67,-30.81,-37.84,239737097.93,[]
B3,B3SA3,53.55,52.97,61.43,643937609.03,[]
BAHEMA,BAHI3,74.55,-8.22,-11.71,47696.65,[]
BAUMER,BALM3,18.39,9.01,10.60,72148.78,[]
BAUMER,BALM4,16.0,9.01,10.60,76906.14,[]
EXCELSIOR ALIMENTOS,BAUH4,85.0,19.79,11.40,74798.42,[]
BRASIL BROKERS,BBRK3,2.01,-0.69,-171.31,2622846.43,[]
BARDELLA,BDLL3,11.89,-4.32,-295.31,193173.73,[]
BARDELLA,BDLL4,10.05,-4.32,-295.31,155249.8,[]
MINERVA,BEEF3,9.84,5.72,8.97,114706577.73,[]
BIOMM,BIOM3,16.29,-20.68,-94.72,360067.53,[]
BK BRASIL,BKBR3,10.76,-7.18,-20.55,30977699.23,[]
BLAU FARMACÊUTICA S.A.,BLAU3,42.49,41.86,35.08,20794271.63,[]
BICICLETAS MONARK,BMKS3,236.0,-29.86,6.38,27350.33,[]
BEMOBI MOBILE TECH S.A.,BMOB3,19.35,27.40,42.06,22072208.83,[]
BOA VISTA SERVIÇOS S.A.,BOAS3,12.22,84.26,9.91,12591094.1,[]
BOMBRIL,BOBR4,2.46,4.28,11.13,474689.93,[]
BRADESPAR,BRAP3,61.7,16.10,-,2748903.03,[]
BRADESPAR,BRAP4,71.02,16.10,-,190322386.27,[]
PETROBRAS DISTRIBUIDORA,BRDT3,24.91,6.92,5.72,205964693.13,[]
BRF,BRFS3,20.91,11.07,7.21,169165950.33,[]
BRASKEM,BRKM3,51.0,10.62,9.17,1825272.77,[]
BRASKEM,BRKM5,52.12,10.62,9.17,210273515.47,[]
BRASKEM,BRKM6,28.5,10.62,9.17,24612.57,[]
BR MALLS,BRML3,10.65,-42.93,-29.88,164931677.13,[]
BR PROPERTIES,BRPR3,8.9,17.88,108.20,13341263.43,[]
BIOSEV,BSEV3,9.0,10.39,14.14,1546800.9,[]
B2W DIGITAL,BTOW3,59.31,242.63,1.12,268633216.37,[]
BATTISTELLA,BTTL3,12.42,7.30,6.52,141884.67,[]
CAMBUCI,CAMB3,5.2,25.06,7.73,710583.33,[]
CAMIL,CAML3,9.41,7.60,8.33,16156683.13,[]
CSU CARDSYSTEM,CARD3,24.0,13.89,16.35,11389517.43,[]
MÉLIUZ S.A.,CASH3,35.99,148.14,22.71,106794609.73,[]
AMPLA ENERGIA E SERVICOS,CBEE3,23.45,32.42,3.90,216496.19,[]
CYRELA COMMERCIAL PROPERT,CCPR3,13.2,12.65,50.22,5883300.53,[]
CCR,CCRO3,13.38,20.01,20.58,165816982.83,[]
CEA MODAS,CEAB3,12.85,-22.30,-4.02,33160000.77,[]
CEB,CEBR3,193.0,21.56,51.47,804109.93,[]
CEB,CEBR5,204.0,21.56,51.47,94765.76,[]
CEB,CEBR6,205.63,21.56,51.47,366751.93,[]
CEDRO TÊXTIL,CEDO3,10.0,243.44,0.18,45756.21,[]
CEDRO TÊXTIL,CEDO4,6.16,243.44,0.18,323539.9,[]
COELBA,CEEB3,39.9,11.05,16.01,113116.8,[]
CEEE-D,CEED3,54.0,-2.12,-19.46,50163.06,[]
CEEE-D,CEED4,53.0,-2.12,-19.46,11064.44,[]
CEG,CEGR3,60.1,26.93,19.21,31096.0,[]
CELPE,CEPE5,28.0,22.51,8.41,61837.52,[]
CELPE,CEPE6,24.89,22.51,8.41,19875.46,[]
CESP,CESP3,28.65,10.07,47.26,377248.4,[]
CESP,CESP5,33.68,10.07,47.26,54409.95,[]
CESP,CESP6,25.08,10.07,47.26,58872997.07,[]
COMGAS,CGAS3,140.02,11.97,24.09,33287.0,[]
COMGAS,CGAS5,158.0,11.97,24.09,294183.13,[]
GRAZZIOTIN,CGRA3,32.38,5.91,16.87,37026.66,[]
GRAZZIOTIN,CGRA4,32.1,5.91,16.87,513777.1,[]
CIELO,CIEL3,3.61,-150.96,-0.58,89833909.2,[]
CELESC,CLSC3,72.0,4.89,8.09,72034.91,[]
CELESC,CLSC4,68.01,4.89,8.09,430380.27,[]
CEMIG,CMIG3,14.57,6.79,18.66,10731877.1,[]
CEMIG,CMIG4,12.18,6.79,18.66,122625448.37,[]
CSN MINERAÇÃO S.A.,CMIN3,9.54,5.43,51.90,127447742.27,[]
COELCE,COCE3,70.84,17.30,6.40,15942.71,[]
COELCE,COCE5,56.7,17.30,6.40,936076.57,[]
COGNA ON,COGN3,3.98,-4.18,-61.43,167379239.07,[]
CPFL ENERGIA,CPFE3,28.37,8.95,16.55,68365290.03,[]
COPEL,CPLE11,28.84,5.08,22.77,0.0,[]
COPEL,CPLE3,5.37,5.08,22.77,12254203.53,[]
COPEL,CPLE6,5.83,5.08,22.77,77625927.8,[]
CR2,CRDE3,25.73,-3.07,-721.03,18670.96,[]
ATACADÃO,CRFB3,20.57,8.23,6.80,82580799.27,[]
TRONOX PIGMENTOS DO BRASIL S.A.,CRPG3,62.03,11.65,18.15,16774.71,[]
TRONOX PIGMENTOS DO BRASIL S.A.,CRPG5,69.5,11.65,18.15,973095.4,[]
TRONOX PIGMENTOS DO BRASIL S.A.,CRPG6,67.96,11.65,18.15,237432.76,[]
COSAN,CSAN3,22.34,21.72,17.98,185897373.1,[]
CRUZEIRO DO SUL EDUCACIONAL S.A.,CSED3,13.4,35.68,9.77,4355159.87,[]
COPASA,CSMG3,17.6,7.12,24.20,42026975.8,[]
CIA SIDERURGICA NACIONAL,CSNA3,47.0,6.34,34.92,588384555.97,[]
COSERN,CSRN3,15.8,8.49,17.01,48031.62,[]
COSERN,CSRN5,15.7,8.49,17.01,9289.96,[]
COSERN,CSRN6,15.6,8.49,17.01,21158.6,[]
KARSTEN,CTKA3,31.3,7.90,22.07,36723.7,[]
KARSTEN,CTKA4,25.65,7.90,22.07,150859.07,[]
COTEMINAS,CTNM3,11.6,38.22,2.13,10002.2,[]
COTEMINAS,CTNM4,6.14,38.22,2.13,237552.1,[]
SANTANENSE,CTSA3,2.57,39.62,2.86,143622.53,[]
SANTANENSE,CTSA4,2.09,39.62,2.86,97551.27,[]
CURY CONSTRUTORA E INCORPORADORA S.A.,CURY3,10.17,13.190.78,19.66,11207987.13,[]
CVC BRASIL,CVCB3,24.72,-3.94,-224.58,154577935.1,[]
CYRELA,CYRE3,23.72,4.69,57.66,121986152.3,[]
DASA,DASA3,58.9,216.75,2.37,25785129.97,[]
DIRECIONAL ENGENHARIA,DIRR3,13.35,8.52,15.49,16180029.17,[]
DOMMO ENERGIA,DMMO3,0.91,-1.06,-53.90,6541216.83,[]
D1000 VAREJO FARMA PARTICIPAÇÕES S.A.,DMVF3,9.03,57.45,0.66,2534984.07,[]
DOHLER,DOHL3,26.5,21.97,13.26,18617.29,[]
DOHLER,DOHL4,6.18,21.97,13.26,186066.53,[]
DTCOM,DTCY3,9.83,108.63,7.36,119840.66,[]
DURATEX,DTEX3,20.88,19.53,12.88,48737021.97,[]
ELECTRO ACO ALTONA,EALT3,15.98,8.95,12.86,45829.2,[]
ELECTRO ACO ALTONA,EALT4,6.93,8.95,12.86,537255.37,[]
ECORODOVIAS,ECOR3,12.03,15.90,21.64,56774947.5,[]
CEEE-GT,EEEL3,520.0,8.81,42.80,76000.0,[]
CEEE-GT,EEEL4,592.63,8.81,42.80,60000.0,[]
ENGIE BRASIL,EGIE3,40.08,7.81,46.31,66026281.87,[]
ELEKTRO,EKTR3,33.45,8.78,14.52,8495.33,[]
ELEKTRO,EKTR4,25.2,8.78,14.52,79931.88,[]
ELETROBRAS,ELET3,39.84,10.75,29.66,217756501.1,[]
ELETROBRAS,ELET5,67.2,10.75,29.66,66339.44,[]
ELETROBRAS,ELET6,39.86,10.75,29.66,94385043.53,[]
ELETROMIDIA S.A.,ELMD3,18.97,-50.48,-23.64,4065873.8,[]
EMAE - EMPRESA METROP.AGUAS ENERGIA,EMAE4,88.0,12.35,36.45,518359.37,[]
EMBRAER,EMBR3,15.99,-12.24,-8.38,176456916.3,[]
ENAUTA PARTICIPAÇÕES,ENAT3,14.8,9.04,35.15,31000066.47,[]
EDP Brasil,ENBR3,18.46,6.17,18.78,67910086.5,[]
ENEVA,ENEV3,16.54,23.35,34.43,120256157.13,[]
ENERGISA,ENGI11,45.25,11.32,13.29,0.527,[]
ENERGISA,ENGI3,16.5,11.32,13.29,304924.83,[]
ENERGISA,ENGI4,7.11,11.32,13.29,401745.4,[]
ENJOEI.COM.BR ATIVIDADES DE INTERNET S.A.,ENJU3,11.84,-58.21,-39.09,23953911.13,[]
ENERGISA MATO GROSSO,ENMT3,52.95,15.32,18.28,87897.04,[]
ENERGISA MATO GROSSO,ENMT4,53.3,15.32,18.28,47116.0,[]
EQUATORIAL PARA DISTRIBUIDORA DE ENERGIA S.A.,EQPA3,4.42,9.86,19.90,308746.5,[]
EQUATORIAL PARA DISTRIBUIDORA DE ENERGIA S.A.,EQPA5,5.56,9.86,19.90,25618.88,[]
EQUATORIAL PARA DISTRIBUIDORA DE ENERGIA S.A.,EQPA7,5.11,9.86,19.90,21902.13,[]
EQUATORIAL ENERGIA,EQTL3,25.3,7.47,26.73,176413529.27,[]
MPM CORPÓREOS S.A.,ESPA3,16.5,63.83,13.16,19529655.13,[]
ESTRELA,ESTR4,31.1,3.25,18.15,59991.2,[]
ETERNIT,ETER3,29.21,7.92,27.60,76484263.37,['RECUPERAÇÃO JUDICIAL']
EUCATEX,EUCA3,23.1,9.24,10.81,349422.33,[]
EUCATEX,EUCA4,10.64,9.24,10.81,4952445.23,[]
EVEN CONSTRUTORA E INCORPORADORA,EVEN3,10.27,4.93,16.28,13600010.03,[]
EZ TEC,EZTC3,32.36,23.57,28.41,65852581.93,[]
FERBASA,FESA3,59.6,15.51,17.19,81766.57,[]
FERBASA,FESA4,39.5,15.51,17.19,18390516.2,[]
FERTILIZANTES HERINGER,FHER3,17.56,7.84,6.99,24399641.8,['RECUPERAÇÃO JUDICIAL']
FLEURY,FLRY3,26.22,17.51,18.04,47721832.37,[]
FRAS-LE,FRAS3,11.57,12.41,14.36,3521821.03,[]
METALFRIO SOLUTIONS,FRIO3,77.21,13.23,5.03,164265.83,[]
POMIFRUTAS,FRTA3,7.81,58.09,10.28,578521.47,['RECUPERAÇÃO JUDICIAL']
RIO PARANAPANEMA,GEPA3,39.0,2.60,95.99,12828.36,[]
RIO PARANAPANEMA,GEPA4,38.49,2.60,95.99,39340.22,[]
GAFISA,GFSA3,4.5,464.02,0.41,19923582.17,[]
GERDAU,GGBR3,28.5,8.07,16.26,5172255.7,[]
GERDAU,GGBR4,34.61,8.07,16.26,515126104.83,[]
GRUPO MATEUS S.A.,GMAT3,7.84,18.85,7.02,37381579.97,[]
NOTRE DAME INTERMEDICA,GNDI3,81.62,36.30,12.94,335731800.07,[]
METALURGICA GERDAU,GOAU3,14.48,3.10,16.23,1291197.47,[]
METALURGICA GERDAU,GOAU4,15.38,3.10,16.23,147010284.17,[]
GOL,GOLL4,25.39,-35.66,-52.17,165281808.97,[]
CELGPAR,GPAR3,59.0,19.00,86.08,17345.0,[]
GPC PARTICIPAÇÕES,GPCP3,37.31,7.09,17.70,6953008.27,[]
GPC PARTICIPAÇÕES,GPCP4,29.3,7.09,17.70,129130.05,[]
GRENDENE,GRND3,9.55,19.23,17.84,21808007.13,[]
GENERAL SHOPPING,GSHP3,42.3,104.53,17.69,92665.09,[]
GUARARAPES CONFECÇÕES,GUAR3,19.65,-334.73,-0.50,18020720.17,[]
HAGA S/A,HAGA3,3.6,3.37,27.46,69293.13,[]
HAGA S/A,HAGA4,2.69,3.37,27.46,652316.7,[]
HAPVIDA,HAPV3,14.74,44.47,14.81,163969052.03,[]
HELBOR,HBOR3,8.82,40.65,5.46,18767921.3,[]
HBR REALTY EMPREENDIMENTOS IMOBILIARIOS,HBRE3,16.0,27.68,113.07,2643700.9,[]
HIDROVIAS DO BRASIL S.A.,HBSA3,6.76,39.82,13.86,19058059.03,[]
HABITASUL,HBTS5,35.5,9.55,46.38,67943.63,[]
HERCULES,HETA4,10.13,-1.91,-10.956.88,93810.7,[]
CIA HERING,HGTX3,29.45,56.79,7.56,151313197.13,[]
HOTEIS OTHON S.A.,HOOT4,2.81,-0.32,-190.02,53204.3,['RECUPERAÇÃO JUDICIAL']
HYPERA,HYPE3,33.73,18.39,32.20,102896412.8,[]
IGB ELETRÔNICA,IGBR3,12.75,-27.43,-655.78,890753.7,['RECUPERAÇÃO JUDICIAL']
IGUATEMI EMPRESA DE SHOPPING CENTERS,IGTA3,41.7,25.75,52.11,100434872.5,[]
INEPAR,INEP3,53.0,-3.79,-4.232.60,1503305.47,['RECUPERAÇÃO JUDICIAL']
INEPAR,INEP4,51.89,-3.79,-4.232.60,1999353.37,['RECUPERAÇÃO JUDICIAL']
INTELBRAS S.A. IND DE TELEC ELETRONICA BRASILEIRA,INTB3,25.4,19.20,17.62,29751946.77,[]
JALLES MACHADO S.A.,JALL3,8.78,9.83,40.67,6410619.8,[]
JB DUARTE,JBDU3,3.54,-3.63,-,436287.0,[]
JB DUARTE,JBDU4,3.32,-3.63,-,759892.63,[]
JBS,JBSS3,30.72,6.02,7.59,416972259.73,[]
JHSF,JHSF3,7.18,5.57,69.99,41571396.1,[]
JOSAPAR,JOPA3,28.55,6.66,7.51,15459.9,[]
JOSAPAR,JOPA4,73.93,6.66,7.51,23537.5,[]
JEREISSATI,JPSA3,29.54,13.63,49.40,8008093.03,[]
JSL S.A.,JSLG3,11.2,20.91,17.87,4481456.73,[]
KEPLER WEBER,KEPL3,53.59,12.40,12.34,12165254.47,[]
KLABIN,KLBN11,26.9,15.93,25.45,1.195,[]
KLABIN,KLBN3,5.8,15.93,25.45,1765198.87,[]
KLABIN,KLBN4,5.26,15.93,25.45,8873081.87,[]
LOJAS AMERICANAS,LAME3,18.14,30.82,5.44,83005315.47,[]
LOJAS AMERICANAS,LAME4,19.44,30.82,5.44,269191942.9,[]
LAVVI EMPREENDIMENTOS IMOBILIÁRIOS S.A.,LAVV3,8.32,7.76,33.06,12767189.8,[]
LOCAMERICA,LCAM3,24.42,16.43,17.05,60463988.37,[]
MAHLE-METAL LEVE,LEVE3,26.87,17.60,8.06,15441906.37,[]
LIGHT,LIGT3,16.7,7.19,13.62,39548221.1,[]
LINX,LINX3,37.3,-146.40,-5.33,16672814.37,[]
ELETROPAR,LIPR3,70.0,17.18,-,86276.33,[]
LOJAS QUERO-QUERO S/A,LJQQ3,19.9,21.40,10.09,29632912.6,[]
RESTOQUE COMÉRCIO E CONFECÇÕES DE ROUPAS,LLIS3,4.49,-1.50,-209.69,2300263.63,[]
LOG COMMERCIAL PROPERTIES,LOGG3,29.64,9.65,254.89,11594419.57,[]
LOG-IN LOGÍSTICA INTERMODAL,LOGN3,19.49,13.44,17.68,18510988.57,[]
LOPES BRASIL,LPSB3,4.07,12.98,21.33,4890443.77,[]
LOJAS RENNER,LREN3,43.75,46.69,11.37,461165728.23,[]
LUPATECH,LUPA3,10.22,66.54,10.91,32605393.17,['RECUPERAÇÃO JUDICIAL']
TREVISA,LUXM4,66.99,14.71,12.85,52269.03,[]
LOCAWEB SERVIÇOS DE INTERNET S.A.,LWSA3,22.82,296.22,9.05,241592604.53,[]
CEMEPE,MAPT3,37.0,-200.63,-,14800.0,[]
CEMEPE,MAPT4,36.8,-200.63,-,27094.33,[]
Mobly S.A.,MBLY3,18.46,-40.38,-5.46,3529902.8,[]
M.DIAS BRANCO,MDIA3,26.4,17.75,7.44,45071110.93,[]
MOURA DUBEUX ENGENHARIA S/A,MDNE3,8.94,-11.43,-14.09,3460505.73,[]
INTERNATIONAL MEAL COMPANY,MEAL3,3.62,-2.11,-48.27,17019385.63,[]
MELNICK EVEN DESENVOLVIMENTO IMOBILIÁRIO S.A.,MELK3,6.0,11.44,9.40,4167820.03,[]
MANGELS INDUSTRIAL,MGEL4,12.26,9.56,14.38,169806.07,[]
MAGAZINE LUIZA,MGLU3,19.15,149.46,2.83,524266273.47,[]
MILLS,MILS3,8.3,146.03,2.67,19175433.63,[]
MMX MINERACAO E METALICOS,MMXM3,18.05,-255.26,-556.64,7238628.43,['RECUPERAÇÃO JUDICIAL']
MUNDIAL,MNDL3,27.5,5.32,9.39,46720.22,[]
MINUPAR,MNPR3,12.89,2.42,14.58,1023769.13,[]
MONTEIRO ARANHA,MOAR3,280.0,-107.36,-27.33,87052.0,[]
Mosaico Tecnologia ao Consumidor S.A.,MOSI3,21.6,43.91,27.01,29237918.3,[]
MOVIDA,MOVI3,16.35,16.26,17.39,35023364.87,[]
MARFRIG,MRFG3,18.57,3.85,11.56,145494639.77,[]
MRV ENGENHARIA E PARTICIPAÇÕES,MRVE3,17.37,16.75,10.74,68225152.13,[]
MELHORAMENTOS,MSPA3,48.0,-5.62,-65.25,13800.0,[]
METALGRAFICA IGUACU,MTIG4,60.01,-11.90,-6.12,45825.44,[]
MITRE REALTY EMPREENDIMENTOS E PARTICIPAÇÕES S.A.,MTRE3,11.45,13.88,8.85,7873408.13,[]
METISA,MTSA4,39.33,3.69,18.82,228194.87,[]
MULTIPLAN,MULT3,24.21,17.43,92.51,131582135.27,[]
WETZEL,MWET3,41.0,1.90,31.90,48814.22,['RECUPERAÇÃO JUDICIAL']
WETZEL,MWET4,11.21,1.90,31.90,383060.57,['RECUPERAÇÃO JUDICIAL']
IOCHPE MAXION,MYPK3,13.88,-30.58,-2.11,21584811.77,[]
NEOENERGIA,NEOE3,16.98,8.48,16.39,36356218.83,[]
NEOGRID PARTICIPACOES S.A.,NGRD3,6.81,38.11,16.52,22860108.93,[]
NORDON INDUSTRIAS METALURGICAS,NORD3,21.25,90.29,121.22,136406.79,[]
NATURA &CO HOLDING S.A.,NTCO3,49.34,92.96,2.14,310602824.87,[]
NUTRIPLANT INDUSTRIA E COMERCIO S.A.,NUTR3,395.0,10.65,7.18,280785.0,[]
ODONTOPREV,ODPV3,13.15,10.86,32.09,15809658.87,[]
OURO FINO SAÚDE ANIMAL,OFSA3,36.69,17.73,15.28,1466451.93,[]
OI,OIBR3,1.59,-17.46,-19.51,158475593.43,['RECUPERAÇÃO JUDICIAL']
OI,OIBR4,2.3,-17.46,-19.51,6852314.23,['RECUPERAÇÃO JUDICIAL']
OMEGA GERAÇÃO,OMGE3,37.01,22.44,43.24,30032738.07,[]
OCEANPACT SERVICOS MARITIMOS S.A.,OPCT3,7.9,31.20,11.06,11560796.8,[]
ORIZON VALORIZACAO DE RESIDUOS S.A.,ORVR3,23.7,19.49,26.35,5673278.23,[]
OSX BRASIL,OSXB3,13.0,-7.81,-5.794.61,568707.0,[]
INSTITUTO HERMES PARDINI,PARD3,19.95,13.81,13.40,6631226.3,[]
PANATLANTICA,PATI3,95.99,7.37,16.43,47529.71,[]
PANATLANTICA,PATI4,120.0,7.37,16.43,47329.45,[]
CIA BRASILEIRA DE DISTRIBUIÇÃO,PCAR3,36.46,5.55,6.00,230535108.43,[]
PDG REALTY,PDGR3,7.0,-4.33,-132.93,1053752.9,['RECUPERAÇÃO JUDICIAL']
PADTEC HOLDING S.A.,PDTC3,8.0,36.54,10.49,3520427.2,[]
CIA PARTICIPAÇÕES ALIANCA DA BAHIA,PEAB3,63.0,0.86,392.40,84971.82,[]
CIA PARTICIPAÇÕES ALIANCA DA BAHIA,PEAB4,66.01,0.86,392.40,30830.0,[]
PETROLEO BRASILEIRO S.A. PETROBRAS,PETR3,25.64,13.43,18.24,485032222.13,[]
PETROLEO BRASILEIRO S.A. PETROBRAS,PETR4,26.28,13.43,18.24,1689313692.33,[]
PET CENTER COMERCIO E PARTICIPACOES S.A.,PETZ3,21.67,71.74,7.51,83019144.1,[]
PROFARMA,PFRM3,6.05,8.11,2.20,3170701.8,[]
EMPREENDIMENTOS PAGUE MENOS S.A.,PGMN3,10.68,15.83,4.69,11098989.97,[]
PLASCAR PARTICIPAÇÕES,PLAS3,13.9,-4.09,-18.61,369318.57,[]
PLANO & PLANO DESENVOLVIMENTO IMOBILIÁRIO S.A.,PLPL3,6.0,8.72,16.71,5338403.23,[]
PARANAPANEMA,PMAM3,14.81,-16.05,-5.35,18216427.93,[]
DIMED,PNVL3,18.68,33.06,3.27,17183643.17,[]
DIMED,PNVL4,18.69,33.06,3.27,324175.53,[]
MARCOPOLO,POMO3,2.51,39.60,2.58,605011.03,[]
MARCOPOLO,POMO4,2.73,39.60,2.58,14570845.0,[]
POSITIVO,POSI3,11.22,6.52,12.67,127738716.5,[]
FOCUS ENERGIA HOLDING PARTICIPAÇÕES S.A,POWE3,15.4,17.63,6.46,2411216.93,[]
PETRO RIO,PRIO3,18.32,13.71,48.67,415147923.37,[]
PRINER,PRNR3,9.33,-68.25,-1.91,2884625.5,[]
PORTOBELLO,PTBL3,12.08,19.62,8.68,50503903.53,[]
PETTENATI,PTNT3,13.0,13.54,6.27,958654.1,[]
PETTENATI,PTNT4,4.8,13.54,6.27,139582.83,[]
QUALICORP,QUAL3,26.91,13.55,30.07,79720496.97,[]
RAIA DROGASIL,RADL3,25.88,47.52,4.56,135720062.87,[]
RUMO,RAIL3,20.95,26.16,27.97,166515094.57,[]
Irani Papel e Embalagem S.A.,RANI3,7.96,10.44,18.84,22455652.07,[]
RANDON,RAPT3,12.33,5.79,18.92,266289.33,[]
RANDON,RAPT4,14.37,5.79,18.92,40249497.73,[]
RECRUSUL,RCSL3,7.86,421.22,2.32,16883710.47,[]
RECRUSUL,RCSL4,1.65,421.22,2.32,5661288.6,[]
RNI NEGÓCIOS IMOBILIÁRIOS,RDNI3,10.81,20.19,11.61,694591.5,[]
REDE D OR SÃO LUIZ S.A.,RDOR3,73.7,94.39,11.67,126322037.07,[]
REDE ENERGIA,REDE3,8.84,13.04,16.20,333792.17,[]
LOCALIZA,RENT3,58.79,24.82,20.13,305644152.1,[]
RENOVA,RNEW11,13.1,-668.20,-3.93,0.0,['RECUPERAÇÃO JUDICIAL']
RENOVA,RNEW3,4.56,-668.20,-3.93,102777.53,['RECUPERAÇÃO JUDICIAL']
RENOVA,RNEW4,4.36,-668.20,-3.93,193389.0,['RECUPERAÇÃO JUDICIAL']
INDÚSTRIAS ROMI,ROMI3,27.24,17.84,12.38,50825844.8,[]
REFINARIA DE PETROLEOS MANGUINHOS,RPMG3,4.68,-0.82,-25.80,2202121.8,['RECUPERAÇÃO JUDICIAL']
3R PETROLEUM ÓLEO E GÁS S.A,RRRP3,38.0,-28.76,-84.38,63698440.97,[]
ROSSI RESIDENCIAL,RSID3,11.94,-2.72,-499.55,1608827.03,[]
METALURGICA RIOSULENSE,RSUL4,203.94,0.84,32.26,20447.0,[]
SANEPAR,SAPR11,20.75,5.76,32.72,0.0,[]
SANEPAR,SAPR3,4.1,5.76,32.72,2807687.03,[]
SANEPAR,SAPR4,4.13,5.76,32.72,18382411.8,[]
CENTAURO,SBFG3,27.62,-109.47,-3.02,24509456.0,[]
SABESP,SBSP3,42.25,9.42,25.24,132920400.3,[]
SÃO CARLOS,SCAR3,39.15,14.63,64.47,330773.63,[]
SER EDUCACIONAL,SEER3,14.09,5.50,25.05,8791964.9,[]
SEQUOIA LOGISTICA E TRANSPORTES S.A,SEQL3,23.56,89.58,3.48,27552885.27,[]
SPRINGS,SGPS3,11.37,27.53,3.20,1727858.0,[]
TIME FOR FUN,SHOW3,5.94,-4.31,-199.18,4742438.03,[]
SCHULZ,SHUL4,10.52,9.19,13.67,5703445.03,[]
SIMPAR S.A.,SIMH3,45.4,14.68,14.96,26027251.27,[]
SLC AGRICOLA,SLCE3,50.31,13.32,20.16,74966571.07,[]
SARAIVA,SLED3,1.02,-0.77,-155.25,1218947.87,['RECUPERAÇÃO JUDICIAL']
SARAIVA,SLED4,0.57,-0.77,-155.25,1569701.33,['RECUPERAÇÃO JUDICIAL']
SMILES,SMLS3,21.88,10.84,34.48,21201448.23,[]
SÃO MARTINHO,SMTO3,32.12,10.52,35.23,34183722.6,[]
SANSUY,SNSY3,17.0,-3.81,-9.89,24647.64,[]
SANSUY,SNSY5,6.56,-3.81,-9.89,187431.73,[]
GRUPO DE MODA SOMA S.A.,SOMA3,13.2,-72.27,-6.82,50740430.93,[]
SONDOTECNICA,SOND3,40.2,4.02,28.87,13660.0,[]
SONDOTECNICA,SOND5,52.74,4.02,28.87,20370.91,[]
SONDOTECNICA,SOND6,49.48,4.02,28.87,16576.0,[]
SINQIA,SQIA3,21.56,112.90,5.62,12628528.77,[]
SANTOS BRASIL,STBP3,7.98,52.32,11.70,51966674.0,[]
SUZANO S.A.,SUZB3,65.15,18.07,27.72,459746010.0,[]
TAESA,TAEE11,40.11,5.52,92.32,0.325,[]
TAESA,TAEE3,13.42,5.52,92.32,1489210.23,[]
TAESA,TAEE4,13.41,5.52,92.32,3605490.1,[]
TAURUS ARMAS,TASA3,23.78,5.16,27.80,2449229.0,[]
TAURUS ARMAS,TASA4,23.14,5.16,27.80,56926296.67,[]
TECNOSOLO,TCNO3,2.52,-56.50,-,384980.3,['RECUPERAÇÃO JUDICIAL']
TECNOSOLO,TCNO4,1.97,-56.50,-,649087.8,['RECUPERAÇÃO JUDICIAL']
TECNISA,TCSA3,7.95,-6.04,-78.92,11791552.17,[]
TECHNOS,TECN3,2.43,-26.25,-3.93,8478909.5,[]
TEKA,TEKA3,37.45,-257.65,-1.55,15332.38,['RECUPERAÇÃO JUDICIAL']
TEKA,TEKA4,17.73,-257.65,-1.55,180915.8,['RECUPERAÇÃO JUDICIAL']
TELEBRAS,TELB3,76.0,-50.25,-26.88,49982.5,[]
TELEBRAS,TELB4,29.42,-50.25,-26.88,260811.9,[]
CONSTRUTORA TENDA,TEND3,25.48,9.18,11.89,21983735.9,[]
TERRA SANTA AGRO,TESA3,43.46,7.90,20.14,1772866.6,[]
TRACK & FIELD CO S.A.,TFCO4,13.6,318.09,15.14,1493243.2,[]
TEGMA GESTÃO LOGÍSTICA,TGMA3,22.3,13.30,11.29,11166402.33,[]
TIM,TIMS3,12.22,12.22,16.63,79886640.3,[]
TEKNO,TKNO4,55.0,5.91,13.52,15000.8,[]
TOTVS,TOTS3,31.01,39.40,15.98,136091041.47,[]
TPI - TRIUNFO PARTICIP. E INVEST. S.A.,TPIS3,3.81,10.38,23.87,24062453.47,[]
TRISUL,TRIS3,10.02,9.71,22.65,10238945.8,[]
ISA CTEEP,TRPL3,29.45,4.69,118.10,187492.93,[]
ISA CTEEP,TRPL4,25.35,4.69,118.10,39896331.63,[]
TUPY,TUPY3,24.91,16.88,5.65,38400720.27,[]
TÊXTIL RENAUXVIEW,TXRX3,35.01,82.34,4.51,21831.16,[]
TÊXTIL RENAUXVIEW,TXRX4,9.38,82.34,4.51,39289.53,[]
UNICASA,UCAS3,5.03,11.15,14.51,1137803.5,[]
ULTRAPAR PARTICIPAÇÕES,UGPA3,19.96,18.84,2.23,108003069.2,[]
UNIPAR CARBOCLORO,UNIP3,73.75,9.25,19.35,2412980.07,[]
UNIPAR CARBOCLORO,UNIP5,77.5,9.25,19.35,105709.96,[]
UNIPAR CARBOCLORO,UNIP6,79.66,9.25,19.35,32909948.23,[]
USIMINAS,USIM3,21.06,5.76,24.81,10430921.3,[]
USIMINAS,USIM5,20.3,5.76,24.81,507021646.4,[]
USIMINAS,USIM6,28.5,5.76,24.81,21915.6,[]
VALE,VALE3,110.56,6.99,34.21,2684915361.6,[]
VAMOS LOCAÇÃO DE CAMINHÕES. MÁQUINAS E EQUIP.,VAMO3,45.85,28.71,24.23,23852676.83,[]
VIVARA,VIVA3,26.48,29.78,19.58,21542447.87,[]
VIVER INCORPORADORA E CONSTRUTORA ,VIVR3,2.58,-3.12,-332.19,10666398.37,['RECUPERAÇÃO JUDICIAL']
TELEFÔNICA BRASIL,VIVT3,42.99,12.18,15.26,95157100.33,[]
VALID,VLID3,9.48,-14.10,-5.64,8550789.27,[]
VULCABRAS,VULC3,8.47,61.40,3.08,4645156.13,[]
VIA VAREJO,VVAR3,12.13,15.74,5.60,476595590.1,[]
WEG,WEGE3,32.1,41.56,16.94,355436889.03,[]
WESTWING COMERCIO VAREJISTA S.A.,WEST3,8.26,14.325.82,0.03,5911160.7,[]
WHIRLPOOL,WHRL3,7.14,9.82,10.57,115162.43,[]
WHIRLPOOL,WHRL4,8.18,9.82,10.57,245034.17,[]
WIZ,WIZS3,10.9,4.57,40.46,37400423.1,[]
WLM INDÚSTRIA E COMÉRCIO,WLMM3,20.06,10.18,7.83,20017.68,[]
WLM INDÚSTRIA E COMÉRCIO,WLMM4,29.49,10.18,7.83,34668.83,[]
YDUQS,YDUQ3,31.76,36.59,9.25,73720431.23,[]
